"Offense","Count"
"SODOMY",1188
"STATUTORY RAPE-2ND DEGRE",932
"RAPE",888
"SEXUAL ASSAULT",739
"CHILD MOLEST-1ST DEGREE",733
"STATUTORY SODOMY-2ND DEG",726
"SEXUAL MISCONDUCT-1ST",524
"SEXUAL ABUSE 1ST DEGREE",523
"STATUTORY SODOMY-1ST DEG",491
"SEXUAL ABUSE",480
"DEVIATE SEXUAL ASSAULT",400
"STATUTORY RAPE-1ST DEGRE",374
"CHILD MOLEST-2ND DEGREE",365
"POSSESSION OF CHILD PORNOGRAPHY",212
"SEX MISCON-CHILD-1ST OFF",154
"STAT SODOMY-1ST DEG-PERS UND 14",151
"INCEST",150
"SEXUAL MISCONDUCT-2ND",141
"STAT RAPE-1ST DEG-PERS UNDER 14",136
"CHILD MOLESTATION-1ST",134
"ENDANGERING WELFARE OF A CHILD-1ST DEGREE",133
"SEX MISCD/ATMP INVL CHLD-1ST OFNS",112
"SEXUAL BATTERY",100
"AGGRAVATED CRIMINAL SEXUAL ABUSE",96
"ATTEMPTED RAPE",95
"SEXUAL ABUSE 2ND DEGREE",87
"CHILD MOLESTATION",84
"ENDANGER WELFARE CHILD",73
"SEX MISC-1ST-PRIOR CONV/WEAPON",60
"AGGRAVATED CRIMINAL SEXUAL ASSAULT",49
"RAPE WITH A WEAPON",47
"SEX ABUSE 3RD DEGREE",47
"STATUTORY SODOMY - FIRST DEGREE",45
"SEXUAL ASLT 2ND DEG",41
"ATTEMPTED SODOMY",39
"INDECENT LIBERTIES WITH A CHILD",38
"CRIMINAL SEXUAL ASSAULT",37
"SEXUAL MISCONDUCT-3RD",37
"AGGRAVATED SEXUAL ASSAULT",36
"ABUSE OF CHILD",35
"CRIMINAL SEXUAL ABUSE",34
"INDECENT EXPOSURE",33
"ATTEMPTED CHILD MOLEST-1ST DEGREE",32
"ATTEMPTED SEXUAL ASSAULT",29
"SODOMY - PHYS INJ/WEAPON",29
"STATUTORY RAPE",28
"AGGRAVATED SEXUAL BATTERY",26
"CHLD MOLST-2ND DEG-INJRY",26
"FURN PORNO/ATMPT TO MINOR",26
"SEXUAL ASSAULT 2ND DEGREE",26
"CHILD MOLEST-1ST-WEAPON",25
"SEXUAL ABUSE 3RD DEGREE",25
"SEXUAL ASSAULT 1ST DEGREE",25
"AGGRAVATED INDECENT LIBERTIES WITH A CHILD",23
"SEX MISCONDUCT-2ND-P/O",23
"SEXUAL ASSAULT OF A CHILD",23
NA,23
"ENTICE CHILD <15-ACTOR 21/OVER",22
"CRIMINAL SEXUAL CONDUCT 2ND DEGREE",21
"RAPE 2ND DEGREE",21
"SEX CONT W/INMATE-EMP OF COR FAC",21
"USE CHILD-SEXUAL PERFORM",21
"ATTEMPTED STATUTORY RAPE-2ND DEGRE",20
"SEXUAL MISCONDUCT",20
"AGGRAVATED INCEST",19
"AGGRAVATED SEXUAL ASSAULT OF A CHILD",19
"ATTEMPTED STATUTORY SODOMY-2ND DEG",19
"DEV SEX ASSLT 2ND DEGREE",19
"CHILD PORNOGRAPHY",18
"PROM CHILD PORNO 1ST DEG",18
"SEXUAL ASSAULT ON A CHILD",18
"ATMPT-ENTICE CHILD<15-ACTR 21/OVR",17
"LEWD AND LASCIVIOUS ACTS",17
"SEX ABUSE-WEP/INJ->1PER/VIC<14",17
"SEX ABUSE 1ST - PHY HARM",17
"STAT RAPE-1ST-WEAP/MULTI-UND 12",17
"ATTEMPTED STATUTORY RAPE-1ST DEGRE",16
"CHILD MOLES-1ST DEG-INJRY",16
"INDECENT LIBERTIES WITH CHILD",16
"INDECENT SOLICITATION OF A CHILD",16
"RAPE 3RD DEGREE",16
"ATTEMPTED DEVIATE SEXUAL ASSAULT",15
"ATTEMPTED STATUTORY SODOMY-1ST DEG",15
"CRIMINAL SEXUAL CONDUCT 3RD DEGREE",15
"FORCIBLE RAPE",15
"LASCIVIOUS ACTS WITH A CHILD",15
"SEX MISCON-CHILD-2ND OFF",15
"INDECENCY WITH A CHILD",14
"INDECENT LIBERTIES",14
"POSS CHILD PORN MATERIAL",14
"RAPE 1ST DEGREE",14
"CHLD MOLES-1ST DEG-INJRY",13
"CRIMINAL SEXUAL CONDUCT",13
"CRIMINAL SEXUAL CONDUCT 4TH DEGREE",13
"ENDNG WELFARE OF CHILD-2ND DEGREE",13
"KIDNAPPING",13
"SEXUAL EXPLOITATION OF A CHILD",13
"ATTEMPTED AGGRAVATED INDECENT LIBERTIES WITH A CHILD",12
"LEWD MOLESTATION",12
"LEWD OR LASCIVIOUS ACTS WITH A CHILD UNDER 14",12
"SEXUAL ASSAULT 3RD DEGREE",12
"AGGRAVATED SEXUAL ABUSE",11
"ATTEMPTED RAPE WITH A WEAPON",11
"CARNAL KNOWLEDGE",11
"FELONIOUS RESTRAINT",11
"GROSS SEXUAL IMPOSITION",11
"INDECENT LIBERTIES WITH MINOR",11
"POSS CHILD PORN-2ND OR VID/PIC",11
"SEXUAL ASSAULT ON CHILD",11
"AGGRAVATED INDECENT SOLICITATION OF A CHILD",10
"ATTEMPTED SEXUAL ABUSE",10
"ATTEMPTED STAT SODOMY-1ST DEG-PERS UND 14",10
"CHILD/SEX PERFORMANCE",10
"DV SEX ASLT 1ST DDW/INJ",10
"FORC SODOMY-W WPN OR INJ",10
"FORCIBLE SODOMY",10
"FORCIBLE SODOMY-DEV SEXUAL INT",10
"INDECENT ASSAULT",10
"LEWD AND LASCIVIOUS BEHAVIOR",10
"RAPE BY FORCE",10
"ATTEMPTED AGGRAVATED SEXUAL BATTERY",9
"ATTEMPTED SEXUAL BATTERY",9
"FORCIBLE RAPE - FORCIBLE COMPULSION",9
"LEWD OR LASCIVIOUS ACTS WITH CHILD UNDER 14",9
"SEXUAL ABUSE OF A CHILD",9
"SEXUAL ASSAULT 4TH DEGREE",9
"SEXUAL EXPLOITATION OF A MINOR",9
"AGGRAVATED CRIMINAL SODOMY",8
"ASSAULT WITH INTENT TO COMMIT RAPE",8
"ASSAULT WITH INTENT TO COMMIT SEXUAL ABUSE",8
"INDECENCY WITH CHILD",8
"INDECENT CONTACT WITH A CHILD",8
"INDECENT LIBERTIES WITH A MINOR",8
"LEWD AND LASCIVIOUS ACTS WITH A CHILD",8
"ORAL COPULATION",8
"AGGRAVATED INDECENT LIBERTIES W/CHILD",7
"ASSAULT TO COMMIT RAPE",7
"ATTEMPTED CHILD MOLESTATION",7
"CRIMINAL SEXUAL CONDUCT 1ST DEGREE",7
"LEWD & LASCIVIOUS ACTS WITH A CHILD",7
"PROM CHILD PORNO-2ND DEG",7
"SEX ABUS 2ND PHYS HARM",7
"SEXUAL CONDUCT WITH A MINOR",7
"ATTEMPTED ATTEMPT FORCIBLE RAPE",6
"ATTEMPTED ENTICE CHILD <15-ACTOR 21/OVER",6
"ATTEMPTED SEX MISCD/ATMP INVL CHLD-1ST OFNS",6
"ATTEMPTED STAT RAPE-1ST DEG-PERS UNDER 14",6
"INDECENCY WITH A CHILD-SEXUAL CONTACT",6
"LEWD & LASCIVIOUS ACTS",6
"LEWD OR LASCIVIOUS ACTS WITH A CHILD",6
"PROMOTING OBSCENITY-1ST DEGREE",6
"SEXUAL EXPLOITATION-CHILD",6
"AGGRAVATED INDECENT LIBERTIES WITH CHILD",5
"AGGRAVATED INDECENT SOLICITATION OF CHILD",5
"AGGRAVATED RAPE",5
"AGGRAVATED SEXUAL ASSAULT CHILD",5
"AGGRAVATED SODOMY",5
"ANNOY/MOLEST CHILDREN",5
"ATTEMPTED AGGRAVATED INDECENT LIBERTIES",5
"ATTEMPTED INDECENT LIBERTIES WITH A CHILD",5
"ATTEMPTED SEXUAL ABUSE 1ST DEGREE",5
"CARNAL ABUSE 1ST DEGREE",5
"CHILD MOLEST-2ND-WEAPON",5
"CHILD MOLESTATION 1ST DEGREE",5
"INDECENT LIBERTIES W/CHILD",5
"LEWD/LASCIVIOUS ACTS WITH A CHILD",5
"PREDATORY CRIMINAL SEXUAL ASSAULT",5
"PROM SEX PERFORM BY CHID",5
"SEX ASSLT 1ST DDW/INJURY",5
"SEX MISCD/ATMP INVL CHLD 2ND/SUB",5
"SEXUAL ASSAULT CHILD",5
"SEXUAL CONDUCT WITH MINOR",5
"SEXUAL MISCONDUCT WITH A MINOR",5
"SEXUAL MOLESTATION",5
"SODOMY 1ST DEGREE",5
"SODOMY 3RD DEGREE",5
"ATTEMPTED AGGRAVATED INDECENT LIBERTIES W/CHILD",4
"ATTEMPTED FORCIBLE RAPE",4
"ATTEMPTED PROM SEX PERFORM BY CHID",4
"ATTEMPTED SEXUAL ASSAULT 2ND DEGREE",4
"CARNAL ABUSE 3RD DEGREE",4
"CRIMINAL SEXUAL CONDUCT 2ND",4
"CRIMINAL SEXUAL CONDUCT 4TH DEGREE (FORCE OR COERCION)",4
"DV SEX ASSLT 2ND DDW/INJ",4
"ENTICE CHILD-ACTOR 21-CHLD<15",4
"FORC RAPE-INJ/WEP->1PRSN/VIC<12",4
"LEWD AND LASCIVIOUS ACTS WITH CHILD",4
"LEWD AND LASCIVIOUS CONDUCT",4
"LEWD OR INDECENT PROPOSALS/ACTS TO A CHILD",4
"POSSESSION CHILD PORNOGRAPHY",4
"PROMOT PROST - 3RD DEG",4
"RAPE OF A CHILD",4
"SEX WITH A MINOR",4
"SEXUAL ABUSE OF A MINOR",4
"SEXUAL ASSAULT 1ST",4
"SEXUAL ASSAULT 2ND",4
"SEXUAL EXPLOITATION OF CHILD",4
"SEXUAL INTERCOURSE",4
"STATUTORY RAPE 2ND DEGREE",4
"UNLAWFUL SEXUAL CONDUCT WITH A MINOR",4
"UNLAWFUL SEXUAL INTERCOURSE WITH MINOR",4
"1ST DEGREE SEXUAL ASSAULT",3
"AGE MISREP W/INTENT SOLCT MINOR",3
"AGG INDECENT LIBERTIES WITH A CHILD",3
"AGGRAVATED CRIMINAL SEX ABUSE",3
"AGGRAVATED INDECENT SOLICITATION",3
"AGGRAVATED SEXUAL ASSAULT OF CHILD",3
"AGGRAVATED SEXUAL ASSAULT ON A CHILD",3
"AGGREVATED CRIMINAL SEXUAL ASSAULT",3
"ASSAULT WITH INTENT TO COMMIT SEX ABUSE",3
"ATMP ENTICE-ACTOR > 21/CHILD < 15",3
"ATTEMPT FORCIBLE RAPE",3
"ATTEMPT RAPE",3
"ATTEMPTED AGGRAVATED INDECENT LIBERTIES WITH CHILD",3
"ATTEMPTED AGGRAVATED SOLICITATION OF A CHILD",3
"ATTEMPTED CHILD MOLESTATION-1ST",3
"ATTEMPTED CRIMINAL SODOMY",3
"ATTEMPTED FORCIBLE RAPE - FORCIBLE COMPULSION",3
"ATTEMPTED SODOMY - PHYS INJ/WEAPON",3
"CHILD MOLESTATION 2ND DEGREE",3
"CONSPIRACY RAPE",3
"CONSPIRACY SEXUAL ASSAULT",3
"CONTINUOUS SEXUAL ABUSE OF A CHILD",3
"CORRUPTION OF A MINOR",3
"DISTRIBUTION OF CHILD PORNOGRAPHY",3
"ELECTRONIC SOLICITATION OF A CHILD",3
"ENDNGR WLFR CHILD-1ST-SEX CNDT",3
"ENTICEMENT OF A CHILD",3
"GROSS SEXUAL ASSAULT",3
"INDECENCY WITH A CHILD SEXUAL CONTACT",3
"INDECENT ACTS",3
"INDECENT SOLICITATION",3
"INDECENT SOLICITATION OF CHILD",3
"INDECENY WITH A CHILD",3
"LASCIVIOUS ACTS",3
"LASCIVIOUS ACTS WITH CHILD",3
"LEWD & LASCIVIOUS ACTS WITH CHILD UNDER 14",3
"LEWD ACT WITH A MINOR",3
"LEWD AND LASCIVIOUS ACTS WITH A CHILD UNDER 14",3
"LEWD AND LASCIVIOUS ACTS WITH CHILD UNDER 14",3
"LEWD OR INDECENT PROPOSALS/ACTS TO CHILD",3
"MOLESTATION OF A JUVENILE",3
"POSSESSION OF CHILD PORN",3
"POSSESSION OF OBSCENE MATERIAL",3
"PROM CHILD PORNO 2ND DEG",3
"PUBLIC SEXUAL INDECENCY",3
"RECEIPT OF CHILD PORNOGRAPHY",3
"RECEIVING CHILD PORNOGRAPHY",3
"SEX ABUSE 3RD - DD WEAPON",3
"SEX OFFENSE 3RD DEGREE",3
"SEXUAL ABUSE 2ND",3
"SEXUAL ASSAULT 3RD",3
"SEXUAL ASSAULT OF A CHILD 2ND DEGREE",3
"SEXUAL ASSAULT OF A MINOR",3
"SEXUAL IMPOSITION",3
"SEXUAL MISCONDUCT WITH MINOR",3
"SODOMY 2ND DEGREE",3
"UNLAWFUL SEX WITH MINOR",3
"UNLAWFUL SEXUAL CONTACT",3
"UNLAWFUL SEXUAL INTERCOURSE",3
"2ND DEGREE SEXUAL ASSAULT OF A CHILD",2
"2ND DEGREE SEXUAL ASSAULT OF CHILD",2
"3RD DEGREE SEXUAL ASSAULT",2
"AGG CRIM SEX ABUSE",2
"AGGRAVATED FELONIOUS SEXUAL ASSAULT",2
"AGGRAVATED INDECENT LIBERTIES",2
"AGGRAVATED LIBERTIES WITH A CHILD",2
"AGGRAVATED SEXUAL ASSAULT WITH CHILD",2
"ASSAULT W/INTENT TO COMMIT SEXUAL ABUSE",2
"ASSAULT W/INTENT TO COMMIT SEXUAL PENETRATION",2
"ASSAULT WITH INTENT TO RAPE",2
"ATMP STAT SOD-1ST-INJ/WEP-VIC<12",2
"ATMPT STAT SODOMY-1ST DEG-PERS<14",2
"ATT ENTICE CHILD-ACT21-CHLD<15",2
"ATTEMPT TO RECEIVE CHILD PORNOGRAPHY",2
"ATTEMPTED ABUSE OF CHILD",2
"ATTEMPTED AGGRAVATED CRIMINAL SODOMY",2
"ATTEMPTED AGGRAVATED INDECENT SOLICITATION OF A CHILD",2
"ATTEMPTED ATMP ENTICE-ACTOR > 21/CHILD < 15",2
"ATTEMPTED CHILD MOLES-1ST DEG-INJRY",2
"ATTEMPTED CRIMINAL SEXUAL CONDUCT 3RD DEGREE",2
"ATTEMPTED FORC SODOMY-W WPN OR INJ",2
"ATTEMPTED FURN PORNO/ATMPT TO MINOR",2
"ATTEMPTED INDECENT SOLICITATION OF A CHILD",2
"ATTEMPTED PROMOTING OBSCENITY-1ST DEGREE",2
"ATTEMPTED RAPE 1ST DEGREE",2
"ATTEMPTED SEXUAL CONDUCT WITH MINOR",2
"ATTEMPTED SEXUAL MISCONDUCT-1ST",2
"CARNAL ABUSE",2
"CARNAL KNOWLEDGE OF A JUVENILE",2
"CARNAL KNOWLEDGE OF A MINOR",2
"CHILD MOLEST-1ST DEG-VIC<12-PREV",2
"CHILD MOLESTATION 3RD DEGREE",2
"COMPUTER CHILD PORNOGRAPHY",2
"CONSPIRACY STATUTORY RAPE-2ND DEGRE",2
"CRIMES AGAINST NATURE",2
"CRIMINAL ATTEMPTED RAPE",2
"CRIMINAL SEXUAL CONDUCT 2ND DEGREE (PERSON UNDER 13)",2
"CRIMINAL SEXUAL CONDUCT 3RD",2
"CRIMINAL SEXUAL MISCONDUCT",2
"CRIMINAL SEXUAL MISCONDUCT 3RD DEGREE",2
"CRIMINAL SODOMY",2
"ENTICE CHILD-ACTOR>21/CHILD<15",2
"FELONIOUS SEXUAL ASSAULT",2
"FURN PORNO/ATMPT MINORS-2ND OFNS",2
"INDECENCY WITH CHILD BY CONTACT",2
"INDECENCY WITH MINOR",2
"INDECENT ACTS WITH A CHILD",2
"INDECENT ACTS WITH A MINOR",2
"INDECENT ACTS WITH CHILD",2
"INDECENT ASSAULT AND BATTERY OF A CHILD UNDER 14",2
"INDECENT CONTACT WITH CHILD",2
"INDECENT CONTACT WITH MINOR",2
"INDECENT LIBERTIES W/ MINOR",2
"INDECENT LIBERTIES W/MINOR",2
"INDECENY WITH CHILD",2
"INTERSTATE TRAVEL TO ATTEMPT TO ENGAGE IN SEXUAL ACT WITH A MINOR",2
"KIDNAP-FACIL FEL/INJURY/TERROR",2
"KIDNAPPING OF A SEXUAL NATURE",2
"LACIVIOUS ACTS WITH A CHILD",2
"LASCIVIOUS ACTS WITH A MINOR",2
"LEWD & LASCIVIOUS BEHAVIOR",2
"LEWD & LASCIVIOUS CONDUCT",2
"LEWD ACT ON CHILD UNDER 14",2
"LEWD ACT UPON A CHILD",2
"LEWD ACTS UPON A CHILD",2
"LEWD ACTS WITH A CHILD",2
"LEWD ACTS WITH CHILD UNDER 14",2
"LEWD ACTS WITH MINOR",2
"LEWD AND LACIVIOUS ACTS WITH A CHILD",2
"LEWD AND LACIVIOUS BEHAVIOR",2
"LEWD AND LASCIVIOUS ACTS WITH MINOR",2
"LEWD AND LASCIVIOUS MOLESTATION",2
"LEWD CONDUCT WITH A CHILD",2
"LEWD CONDUCT WITH MINOR",2
"LEWD OR LASCIVIOUS ACT WITH A CHILD",2
"LEWD/LASCIVIOUS ACT WITH A CHILD",2
"ORAL COPULATION WITH PERSON UNDER 18",2
"PANDERING A CHILD",2
"POSS OF CHILD PORNOGRAPHY",2
"POSSESSION OF CHILD PORNGRAPHY",2
"POSSESSION OF PORNOGRAPHIC MATERIALS",2
"POSSESSION OF PORNOGRAPHY",2
"PROMOT PROST - 1ST DEG",2
"PROMOTE CHILD PORN TO MINOR-1ST DEG",2
"RAPE BY INSTRUMENTATION",2
"RAPE OF A CHILD 2ND DEGREE",2
"RAPE OF A CHILD 3RD DEGREE",2
"RECEIPT OF CHILD PORNOGRAPHY OVER THE INTERNET",2
"SEX ABUSE 2ND DEGREE",2
"SEX CONTCT W/STU BY EMPL-SCH PROP",2
"SEX OFFENSE",2
"SEX OFFENSE AGAINST A CHILD",2
"SEX PERM-CHILD-EMOT INJY",2
"SEXUAL ABUSE 3RD",2
"SEXUAL ASSAULT 2ND DEGREE OF A CHILD",2
"SEXUAL ASSAULT ON A CHILD BY ONE IN A POSITION OF TRUST",2
"SEXUAL CONDUCT 3RD DEGREE",2
"SEXUAL CONTACT WITH MINOR",2
"SEXUAL INTERCOURSE WITH A MINOR",2
"SEXUAL INTERCOURSE WITHOUT CONSENT",2
"SEXUAL PENETRATION WITH FOREIGN OBJECT",2
"SEXUAL PERFORMANCE BY A CHILD",2
"SEXUALLY MOTIVATED ASSAULT",2
"SODOMY OF A CHILD",2
"SOLICITATION OF A MINOR",2
"TRANSPORTATION OF CHILD PORNOGRAPHY",2
"TRAVEL WITH INTENT TO ENGAGE IN ILLICIT SEXUAL CONDUCT",2
"UNLAWFUL RESTRAINT",2
"UNLAWFUL SEXUAL ACTIVITY WITH A MINOR",2
"UNLAWFUL SEXUAL CONTACT 3RD DEGREE",2
"VIOLATION OF A MINOR",2
"VIOLATION OF MINOR 2ND DEGREE",2
"1995 RAPE",1
"1ST DEGREE SEXUAL ABUSE",1
"2ND DEGREE CHILD SEXUAL ABUSE",1
"2ND DEGREE RAPE",1
"2ND DEGREE SEXUAL ABUSE",1
"3RD DEGREE CHILD MOLESTATION CONSENSTUAL SEX WITH SAID VICTIM",1
"3RD DEGREE SEXUAL ABUSE",1
"4TH DEGREE CRIMINAL SEXUAL CONTACT",1
"5 COUNTS OF CHILD PORNOGRAPHY",1
"8 COUNTS UNLAWFUL VIDEOTAPING OF A MINOR",1
"ABUSE CHILD-PROHIBITED SEX ACT",1
"ABUSIVE SEXUAL CONDUCT",1
"ACCEDING TO CORRUPTION BY PUBLIC SERVANT",1
"ACCESSORY ENDNG WELFARE OF CHILD-2ND DEGREE",1
"ACCESSORY RAPE",1
"ACCESSORY SODOMY",1
"ACCESSORY SODOMY - PHYS INJ/WEAPON",1
"ACCOST/ENTICE CHILD IMMORAL PURPOSES",1
"AGG CRIM SEX ABUSE/ VIC 13-16",1
"AGG CRIM SEX ABUSE/VIC 13-16",1
"AGG CRIM SEX ASSLT",1
"AGG CRIM SEXUAL ASSAULT",1
"AGG CRIMINAL SEXUAL ABUSE",1
"AGG CRIMINAL SEXUAL ASSAULT",1
"AGG CRIMINAL SODOMY W/ CHILD FONDLING AND ORAL SEX W/ 7 DIFFERENT VICTIMS",1
"AGG CRIMINAL SODOMY W/ CHILD FONDLING AND ORAL SEX W/ 7DIFFERENT VICTIMS",1
"AGG INDECENT LIB WITH CHILD LESS THAN 14;FONDLING",1
"AGG INDECENT LIBERTIES W/ CHILD ENGAGED IN SEXUAL INTERCOURSE W/ MINOR",1
"AGG INDECENT SOLICITATION OF A CHILD",1
"AGG SEXUAL ABUSE",1
"AGG SEXUAL ASSAULT",1
"AGG SEXUAL ASSAULT CHILD",1
"AGG SEXUAL ASSAULT OF A CHILD",1
"AGG SEXUAL BATTERY",1
"AGGERVATED SEX ABUSE",1
"AGGR SEXUAL ASSAULT/SEXUAL ABUSE",1
"AGGRAVATED ASSAULT WITH INTENT TO RAPE",1
"AGGRAVATED BATTERY",1
"AGGRAVATED CRIMIAL SEXUAL ABUSE 6 COUNTS, SEXUAL ABUSE 2 COUNTS, INDECENT SOLICIATION OF A CHILD 1 C",1
"AGGRAVATED CRIMINAL SEX ABUSE W/ VICTIM 13-16",1
"AGGRAVATED CRIMINAL SEX ABUSE/ VIC 13-16",1
"AGGRAVATED CRIMINAL SEXUAL ABUSE OF A CHILD UNDER 13",1
"AGGRAVATED CRIMINAL SEXUAL ABUSE VICTIM 13-16",1
"AGGRAVATED CRIMINAL SEXUAL ABUSE VICTIM B/T 13-16",1
"AGGRAVATED CRIMINAL SEXUAL ABUSE VICTIM UNDER 13",1
"AGGRAVATED CRIMINAL SEXUAL ABUSE W/ A WEAPON",1
"AGGRAVATED CRIMINAL SEXUAL ABUSE WITH CHILD",1
"AGGRAVATED CRIMINAL SEXUAL ABUSE/VICTIM 13-16",1
"AGGRAVATED CRIMINAL SEXUAL ASSALT",1
"AGGRAVATED CRIMINAL SEXUAL ASSAULT WITH A WEAPON",1
"AGGRAVATED CRIMINAL SEXUAL ASSAULT/BODILY HARM",1
"AGGRAVATED CRIMINAL SEXUAL ASSAULT/WEAPON",1
"AGGRAVATED CRIMINAL SEXUAL CONDUCT 2ND DEGREE",1
"AGGRAVATED CRIMINAL SEXUAL FELONY ASSAULT",1
"AGGRAVATED CRIMINAL SODOMY W/CHILD",1
"AGGRAVATED CRIMINAL SODOMY W/CHILD <14",1
"AGGRAVATED CRIMINAL SODOMY WITH AN ANIMAL",1
"AGGRAVATED CRIMINAL SODOMY; SODOMY W/ A CHILD <14",1
"AGGRAVATED CRIMNAL SEX ABUSE",1
"AGGRAVATED CRIMNAL SEXUAL ABUSE",1
"AGGRAVATED EXPLOITATION OF A MINOR",1
"AGGRAVATED INAPPROPRIATE SOLICITATION OF CHILD",1
"AGGRAVATED INDECENT LIBERTIES GE 14 LESS THAN 16",1
"AGGRAVATED INDECENT LIBERTIES OF A MINOR",1
"AGGRAVATED INDECENT LIBERTIES W/ A MINOR",1
"AGGRAVATED INDECENT LIBERTIES W/ MINOR",1
"AGGRAVATED INDECENT LIBERTIES W/CHILD; <14; LEWD FONDLING/TOUCHING",1
"AGGRAVATED INDECENT LIBERTIES W/CHILD;<14 YOA; LEWD FONDLING/TOUCHING",1
"AGGRAVATED INDECENT LIBERTIES W/CHILD;<14; LEWD FONDLING/TOUCHING",1
"AGGRAVATED INDECENT LIBERTIES W/CHILD<14; LEWD FONDLING/TOUCHING",1
"AGGRAVATED INDECENT LIBERTIES W/MINOR (ATTEMPT)",1
"AGGRAVATED INDECENT LIBERTIES WITH A CHILD LESS THAN 16",1
"AGGRAVATED INDECENT LIBERTIES WITH A CHILD UNDER 14; LEWD FONDLING/TOUCHING",1
"AGGRAVATED INDECENT LIBERTIES WITH A CHILD UNDER 14; LEWD/FONDLING/TOUCHING",1
"AGGRAVATED INDECENT LIBERTIES WITH A CHILD UNDER 16",1
"AGGRAVATED INDECENT LIBERTIES WITH A MINOR CHILD",1
"AGGRAVATED INDECENT LIBERTIES WITH MINOR",1
"AGGRAVATED INDECENT LIBERTIES/SOLICITATION",1
"AGGRAVATED INDECENT LIBERTIES/SOLICITATION OF CHILD",1
"AGGRAVATED INDECENT SOLICIATION WITH A CHILD",1
"AGGRAVATED INDECENT SOLICITATION CHILD",1
"AGGRAVATED INDECENT SOLICITATION OF A CHILD LESS THAN 14",1
"AGGRAVATED INDECENT SOLICITATION OF A CHILD UNDER 18",1
"AGGRAVATED KIDNAPPING",1
"AGGRAVATED RAPE;USE OF A MINOR FOR OBSCENE PURPOSES",1
"AGGRAVATED SEXUAL ASSAULT- INDECENCY WITH A CHILD",1
"AGGRAVATED SEXUAL ASSAULT 1ST DEGREE",1
"AGGRAVATED SEXUAL ASSAULT OF MINOR",1
"AGGRAVATED SEXUAL ASSAULT ON CHILD",1
"AGGRAVATED SEXUAL ASSAULT WITH A CHILD",1
"AGGRAVATED SEXUAL ASSAULT/SEXUAL ABUSE",1
"AGGRAVATED SEXUAL ASSUALT OF A CHILD",1
"AGGRAVATED SEXUAL EXPLOITATION OF MINOR",1
"AGGRAVATED SEXUAL EXPLORITATION OF A MINOR",1
"AGGRAVATED STATUTORY RAPE",1
"AGGREVATED INDECENT SOLICIATION OF A MINOR",1
"AGGREVATED INDECENT SOLICITATION OF A CHILD",1
"AGGREVATED SEXUAL BATTERY",1
"ANAL & GENITAL PENETRATION BY FOREIGN OBJECT",1
"ANNOY OR MOLEST A CHILD",1
"ANNOY/MOLESTATION OF A CHILD",1
"ANNOYANCE OF A CHILD",1
"ANNOYING CHILD",1
"APPEMPTED INDECENT LIBERTIES WITH A CHILD",1
"ASSAULT 2ND DEGREE - SEXUAL MOTIVATED CRIME",1
"ASSAULT 3RD DEGREE - SEXUALLY MOTIVATED",1
"ASSAULT AND BATTERY ON MINOR",1
"ASSAULT OF CHILD/INDECENT EXPOSURE",1
"ASSAULT TO COMMIT SEXUAL ABUSE/NO INJURY",1
"ASSAULT TO COMMIT SEXUAL ACT",1
"ASSAULT W/INTENT TO COMMIT SEXUAL ABUSE 2ND DEGREE",1
"ASSAULT WITH INTENT FOR SEXUAL ABUSE",1
"ASSAULT WITH INTENT SEXUAL ABUSE",1
"ASSAULT WITH INTENT TO CAUSE HARM",1
"ASSAULT WITH INTENT TO COMMIT A FELONY",1
"ASSAULT WITH INTENT TO COMMIT SEXUAL ASSAULT",1
"ASSAULT WITH INTENT TO COMMIT SEXUAL PENETRATION",1
"ASSAULT WITH INTENT TO SEX ABUSE/NO INJUIRY",1
"ASSAULT WITH INTENT TO SEXUAL ABUSE",1
"ASSAULT WITH INTENT TO SEXUALLY ABUSE",1
"ASSAULT WITH SEXUAL INTENT",1
"ASSAULT WITH/INTENT COMMIT SEXUAL ABUSE",1
"ASSLT WITH INTENT TO COMMIT SEXUAL ABUSE",1
"ATM FORC RAPE-WEP/INJ->1/VIC<12",1
"ATM FORC SOD-WEP/INJ->1PER/VIC<12",1
"ATT AGG INDECENT LIBERTIES WITH A CHILD",1
"ATT AGGRAVATED INDECENT LIBERTIES",1
"ATT AGGRAVATED INDECENT LIBERTIES W/CHILD",1
"ATT ENTICEMENT OF MINOR/INTERNET",1
"ATT INDECENT LIBERTIES W/CHILD",1
"ATT RAPE",1
"ATT RAPE 2ND DEGREE",1
"ATT SEXUAL ABUSE OF A CHILD 3RD",1
"ATT UNLAWFUL SEXUAL INTERCOURSE",1
"ATTEMP AGGRAVATED INDECENT LIBERTIES WITH A CHILD",1
"ATTEMP TRANSPORTING A PROSTITUTE",1
"ATTEMPED LEWDNESS WITH MINOR UNDER 14",1
"ATTEMPT AGGRAVATED CRIMINAL SEXUAL ABUSE",1
"ATTEMPT AGGRAVATED INDECENT LIBERTIES WITH A CHILD",1
"ATTEMPT AGGRAVATED SEXUAL ASSAULT",1
"ATTEMPT CHILD MOLESTATION",1
"ATTEMPT CRIMINAL SEXUAL ASSAULT",1
"ATTEMPT CRIMINAL SEXUAL CONDUCT",1
"ATTEMPT FORCIBLE SODOMY",1
"ATTEMPT KIDNAPPING",1
"ATTEMPT TO COMMIT SEXUAL ABUSE",1
"ATTEMPT TO COMMIT SEXUAL ASSAULT ON A CHILD UNDER THE AGE OF 16 YEARS",1
"ATTEMPT TO COMMIT SEXUAL PENETRATION WITH OBJECT",1
"ATTEMPT TO ENTICE A MINOR TO ENGAGE IN PROHIBITITED SEXUAL ACTIVITY",1
"ATTEMPT TO ENTICE CHILD ON INTERNET",1
"ATTEMPTED 1ST DEGREE FORCIBLE SEXUAL ASSAULT",1
"ATTEMPTED 1ST DEGREE SEX ASSAULT F3",1
"ATTEMPTED AGE MISREP W/INTENT SOLCT MINOR",1
"ATTEMPTED AGG CRIMINAL SODOMY",1
"ATTEMPTED AGG INDECENT LIBERTIES",1
"ATTEMPTED AGG INDECENT LIBERTIES W/CHILD",1
"ATTEMPTED AGGRAVATED CRIMINAL SEXUAL ABUSE",1
"ATTEMPTED AGGRAVATED CRIMINAL SEXUAL ASSAULT",1
"ATTEMPTED AGGRAVATED INCEST",1
"ATTEMPTED AGGRAVATED INCEST AND SEXUAL ASSAULT 3RD",1
"ATTEMPTED AGGRAVATED INDECENT LIBERTIES W/CHILD <14 LEWD FONDLING/TOUCHING",1
"ATTEMPTED AGGRAVATED INDECENT LIBERTIES W/CHILD <14, LEWD FONDLING/TOUCHING",1
"ATTEMPTED AGGRAVATED INDECENT LIBERTIES W/MINOR",1
"ATTEMPTED AGGRAVATED INDECENT LIBERTIES WITH MINOR",1
"ATTEMPTED AGGRAVATED SEXUAL ABUSE OF A CHILD",1
"ATTEMPTED AGGRAVATED SEXUAL ASSAULT",1
"ATTEMPTED ATM FORC RAPE-WEP/INJ->1/VIC<12",1
"ATTEMPTED ATMP STAT SOD-1ST-INJ/WEP-VIC<12",1
"ATTEMPTED ATTEMPT FORCIBLE SODOMY",1
"ATTEMPTED CHILD MOLEST-2ND DEGREE",1
"ATTEMPTED CRIMINAL SEXUAL CONDUCT",1
"ATTEMPTED CRIMINAL SEXUAL CONDUCT 1ST DEGREE",1
"ATTEMPTED CRIMINAL SODOMY WITH A CHILD",1
"ATTEMPTED DV SEX ASLT 1ST DDW/INJ",1
"ATTEMPTED ENTICEMENT OVER INTERNET OF A MINOR TO ENGAGE IN ILLEGAL SEXUAL ACTIVITY",1
"ATTEMPTED ENTICING A MINOR OVER THE INTERNET",1
"ATTEMPTED FELONY CRIMINAL SEXUAL CONDUCT 2ND DEGREE",1
"ATTEMPTED FORCIBLE SODOMY",1
"ATTEMPTED GROSS SEXUAL ASSAULT",1
"ATTEMPTED INCEST",1
"ATTEMPTED INDECENCY WITH A CHILD BY EXPOSURE",1
"ATTEMPTED INDECENT LIBERTIES WITH A MINOR",1
"ATTEMPTED INDECENT LIBERTIES WITH CHILD",1
"ATTEMPTED INDECENT SOLICIATION OF A CHILD",1
"ATTEMPTED INDECENT SOLICITATION OF CHILD",1
"ATTEMPTED LEWD & LASCIVIOUS ACT",1
"ATTEMPTED LEWD AND LASCIVIOUS ACTS",1
"ATTEMPTED LEWD AND LASCIVIOUS CONDUCT WITH MINOR",1
"ATTEMPTED LEWDNESS W/FEMALE UNDER 18",1
"ATTEMPTED MOLESTATION",1
"ATTEMPTED MOLESTATION OF A CHILD",1
"ATTEMPTED ORAL COPULATION",1
"ATTEMPTED RAPE-WITHOUT CONSENT",1
"ATTEMPTED RAPE 2ND DEGREE",1
"ATTEMPTED RAPE,SEX INTERCOURSE W CHILD LESS THAN 14",1
"ATTEMPTED SEX ABUSE 3RD DEGREE",1
"ATTEMPTED SEXUAL ABUSE 1ST",1
"ATTEMPTED SEXUAL ABUSE OF A MINOR 3RD DEGREE",1
"ATTEMPTED SEXUAL ASSAULT-FORCE",1
"ATTEMPTED SEXUAL ASSAULT 1ST DEGREE",1
"ATTEMPTED SEXUAL ASSAULT 1ST DEGREE-USE OF PHYSICAL FORCE/VIOLENCE",1
"ATTEMPTED SEXUAL ASSAULT OF A CHILD",1
"ATTEMPTED SEXUAL ASSAULT OF A CHILD 1ST DEGREE",1
"ATTEMPTED SEXUAL ASSAULT OF A MINOR",1
"ATTEMPTED SEXUAL ASSAULT ON A CHILD",1
"ATTEMPTED SEXUAL ASSAULT WITH CHILD",1
"ATTEMPTED SEXUAL BATTERY-CHILD",1
"ATTEMPTED SEXUAL BATTERY;ATTEMPTED ANAL INTERCOURSE",1
"ATTEMPTED SEXUAL EXPLOITATION-CHILD",1
"ATTEMPTED SEXUAL EXPLOITATION OF A CHILD",1
"ATTEMPTED SEXUAL EXPLOITATION OF A MINOR",1
"ATTEMPTED SEXUAL EXPLOTATION OF CHILD",1
"ATTEMPTED SEXUAL MISCONDUCT",1
"ATTEMPTED SODOMY 1ST DEGREE",1
"ATTEMPTED SODOMY 2ND DEGREE",1
"ATTEMPTED STATUTORY RAPE 1ST DEGREE",1
"ATTEMPTED STATUTORY SODOMY - FIRST DEGREE",1
"ATTEMPTED UNLAWFUL SEX WITH A MINOR THROUGH INTERSTATE COMMERCE",1
"ATTEMPTED UNLAWFUL SEXUAL INTERCOURSE",1
"ATTEMPTED USE CHILD-SEXUAL PERFORM",1
"ATTEMPTED USE OF A CHILD IN A SEXUAL PERFORMANCE",1
"ATTEMPTED/CHILD SEDUCTION",1
"ATTEMTED 1ST DEGREE SEX OFFENSE",1
"BURGLARY (SEXUALLY MOTIVATED)",1
"BURGLARY 1ST WITH SEXUAL MOTIVATION",1
"CARNAL KNOWLEDGE WITH A CHILD",1
"CARNAL KNOWLEDGE/INDECENT ACTS WITH CHILD UNDER 16",1
"CAUSE/PROCURE/PERMIT INJURY OR SEX ABUSE TO CHILD",1
"CHILD ABUSE-SER EMOT INJ",1
"CHILD ABUSE - MOLESTATION",1
"CHILD ABUSE (OF A SEXUAL NATURE)",1
"CHILD ABUSE BY A PARENT",1
"CHILD ABUSE PERMIT CHILD TO BE SEXUALLY ABUSED",1
"CHILD CRIMINAL SEXUAL CONTACT",1
"CHILD ENDANGERMENT PERMITTING SEXUAL ABUSE OF A CHILD",1
"CHILD FONDLING",1
"CHILD FONDLING UNDER 16",1
"CHILD MOLESTATION - FONDLING",1
"CHILD MOLESTATION 1ST DEGREE OFFENDER MOVED TO SANTA BARBARA CALIFORNIA",1
"CHILD MOLESTATION 3RD",1
"CHILD MOLESTING",1
"CHILD PORN ON COUMPUTER",1
"CHILD PORNOGRAPHY-RECIEVING",1
"CHILD PORNOGRAPHY ON COMPUTER",1
"CHILD PORNOGRAPHY ON THE COMPUTER",1
"CHILD PORNOGRAPHY VIA COMPUTER",1
"CHILD SEXUAL ABUSE",1
"CHILD/SEX-PROMOTION",1
"COERCION (SEXUALLY MOTIVATED)",1
"COERCION OR ENTICEMENT OF FEMALE",1
"COMMITTING LEWD ACT UPON A CHILD",1
"COMMUNICATE WITH A MINOR FOR IMMORAL PURPOSES",1
"COMMUNICATE WITH MINOR FOR IMMORAL PURPOSES",1
"CONSENSUAL SEX WITH A MINOR",1
"CONSPIRACY STATUTORY RAPE-1ST DEGRE",1
"CONSPIRACY STATUTORY SODOMY-2ND DEG",1
"CONSPIRACY TO COMMIT RAPE",1
"CONSPIRACY TO COMMIT SOLICITATION OF A MINOR",1
"CONSPIRACY TO ENGAGE IN SEX TRAFFICKING OF A MINOR",1
"CONSPIRACY TO TRANSPORT CHILD PORNOGRAPHY",1
"CONTINUOUS LEWD AND LASCIVIOUS CONDUCT WITH A CHILD UNDER 14",1
"CORRUPTION OF A MINOR/SEXUAL INTERCOURSE",1
"CRIM SEX 3RD DEG-FRC/COER",1
"CRIMES AGAINST CHILDREN/LEWD OR LASCIOUS BEHAVIOR",1
"CRIMES AGAINST CHILDREN/LEWD OR LASCIVIOUS",1
"CRIMES AGAINST CHILDREN/LEWD OR LASCIVOUS ACTS",1
"CRIMINAL ATTEMPT RAPE 1ST DEGREE",1
"CRIMINAL ATTEMPT TO COMMIT SEXUAL ASSAULT ON A CHILD",1
"CRIMINAL CHILD ENTICEMENT",1
"CRIMINAL FORFEITURE",1
"CRIMINAL SEXUAL ABUSE (M) 1995",1
"CRIMINAL SEXUAL ABUSE (M)1995",1
"CRIMINAL SEXUAL ABUSE/FORCE",1
"CRIMINAL SEXUAL ABUSE/VICTIM 13-17",1
"CRIMINAL SEXUAL ASSAULT-FORCE/THREAT",1
"CRIMINAL SEXUAL ASSAULT 2ND DEGREE",1
"CRIMINAL SEXUAL ASSAULT 4TH DEGREE",1
"CRIMINAL SEXUAL ASSAULT OF A CHILD",1
"CRIMINAL SEXUAL ASSAULT WITH FORCE",1
"CRIMINAL SEXUAL ASSAULT/BODILY HARM",1
"CRIMINAL SEXUAL ASSAULT/CANT CONSENT",1
"CRIMINAL SEXUAL ASSAULT/FORCE",1
"CRIMINAL SEXUAL CONDUCT-SEXUAL ASSAULT",1
"CRIMINAL SEXUAL CONDUCT - 4TH DEGREE (FORCE OR COERCION)",1
"CRIMINAL SEXUAL CONDUCT - FOURTH DEGREE (FORCE OR COERCION)",1
"CRIMINAL SEXUAL CONDUCT 1ST DEGREE - PERSON UNDER 13",1
"CRIMINAL SEXUAL CONDUCT 1ST DEGREE (PERSON UNDER 13)",1
"CRIMINAL SEXUAL CONDUCT 2ND DEGREE ASSAULT",1
"CRIMINAL SEXUAL CONDUCT 2ND DEGREE PERSON UNDER 13",1
"CRIMINAL SEXUAL CONDUCT 3RD DEGEGREE",1
"CRIMINAL SEXUAL CONDUCT 4TH DEGREE- VICTIM 13-15 YEARS OLD",1
"CRIMINAL SEXUAL CONDUCT 5TH",1
"CRIMINAL SEXUAL CONDUCT 5TH DEGREE-NONCONSENSUAL SEX CONTACT",1
"CRIMINAL SEXUAL CONDUCT ASSAULT W/INTENT TO COMMIT SEXUAL PENETRATION",1
"CRIMINAL SEXUAL CONDUCT FIRST DEGREE",1
"CRIMINAL SEXUAL CONDUCT FOURTH DEGREE",1
"CRIMINAL SEXUAL CONDUCT WITH A MINOR < 11 YEARS OLD 1ST DEGREE",1
"CRIMINAL SEXUAL CONDUCT WITH CHILD UNDER 18",1
"CRIMINAL SEXUAL CONDUCT WITH MINORS",1
"CRIMINAL SEXUAL CONTACT",1
"CRIMINAL SEXUAL CONTACT 2ND DEGREE",1
"CRIMINAL SEXUAL CONTACT OF A MINOR",1
"CRIMINAL SEXUAL CONTACT WITH A MINOR",1
"CRIMINAL SEXUAL CONTACT WITH MINOR 4TH DEGREE",1
"CRIMINAL SEXUAL MISC",1
"CRIMINAL SEXUAL MISCONDUCT 2ND DEGREE",1
"CRIMINAL SEXUAL PENETRATION OF A MINOR",1
"CRIMINAL SOLICITATION OF A MINOR",1
"CRUELTY TO A CHILD",1
"CUSTODIAL SEXUAL MISCONDUCT",1
"DISORDERLY CONDUCT - PROSTITUTION",1
"DISORDERLY CONDUCT SOLICIT LEWD ACT",1
"DISORDERLY CONDUCT/SOLICIT LEWD ACT",1
"DIST/POSS OR VIEW SEX EXPLICIT CHILD MATERIAL",1
"DISTRIBUTE OBSCENE MATERIAL TO MINOR",1
"DISTRIBUTE/POSSESS OR VIEW SEXUAL EXPLICIT CHILD MATERIAL",1
"DISTRIBUTE/POSSESS OR VIEW SEXUALY EXPLICIT MATERIAL OF A CHILD",1
"DISTRUBITION OF OBSCENE MATERIAL/CHILD PORNOGRAPHY",1
"DOMESTIC ASSAULT SEXUALLY MOTIVATED",1
"ELECTRONIC ENTICEMENT OF A CHILD",1
"ELECTRONIC SEXUAL SOLICITATION",1
"ELECTRONIC SEXUAL SOLICITATION OF 14 TO <16 YOA",1
"ELECTRONIC SEXUAL SOLITATION OF MINOR",1
"ELECTRONIC SOLICITATION",1
"ENDANGERING THE WELFARE OF A CHILD",1
"ENGAGED IN PROHIBITED ACTS",1
"ENGAGED IN PROHIBITED SEXUAL ACTIVITY WITH MINOR THRU INTERSTATE COMMERCE",1
"ENGAGING CHILD IN SEXUALLY EXPLICIT CONDUCT",1
"ENTICEMENT OF MINOR ON INTERNET",1
"ENTICEMENT TO ENGAGE IN SEXUAL ACTIVITIES WITH A MINOR FEDERAL CHARGE",1
"ENTICING A MINOR TO ENGAGE IN SEXUAL ACTIVITY",1
"ENTICING MINOR FOR INDECENT PURPOSES",1
"EXHIBT BY PERSON 18 YOA OLDER VICT LESS THAN 16 YOA",1
"EXPLOTATION OF A CHILD",1
"EXPOSED A CHILD TO HARMFUL MATERIAL",1
"FAILURE TO PROTECT/PERMITTING SEXUAL ABUSE",1
"FEDERAL-POSSESS/TRAFFICKING OBSCENE MATERIAL VIA THE INTERNET",1
"FEDERAL CHARGE OBSCENE MATERIAL POSSESS LIFE TIME PAROLE",1
"FELONIOUS SEXUAL PENETRATION",1
"FELONIOUSLY COMMIT FORCIBLE SODOMY CUNNILINGUS",1
"FELONIOUSLY ENGAGE IN THE INANIMATE OBJECT SEXUAL PENETRATION OF A MINOR",1
"FELONY CRIMINAL SEXUAL ASSAULT",1
"FELONY CRIMINAL SEXUAL CONDUCT 1ST DEGREE",1
"FELONY CRIMINAL SEXUAL CONDUCT 2ND DEGREE",1
"FELONY OPEN AND GROSS LEWDNESS",1
"FELONY SEXUAL ASSAULT 2ND DEGREE",1
"FIRST DEGREE SEXUAL ASSAULT",1
"FIRST DEGREE SEXUAL ASSAULT OF A CHILD",1
"FONDLING/HANDLING CHILD UNDER 16",1
"FORC SODOMY-WEP/INJ->1 PER/VIC<12",1
"FORCED ORAL COPULATION",1
"FORCIBLE ORAL COPULATION",1
"FORCIBLE SEXUAL ABUSE",1
"FORCIBLE SODOMY UPON MENTALLY ILL PERSON",1
"FORCIBLE TOUCHING",1
"FOURTH DEGREE SEXUAL ASSAULT",1
"GROSS INDENCY",1
"GROSS LEWDNESS & 4 COUNTS CHILD ABUSE",1
"GROSS SEXUAL IMPOSITION F4",1
"HAD SEX",1
"HELD MINOR VICTIM AGAINST HER WILL AND FORCED MINOR VICTIM INTO PROSTITUTION",1
"ILLEGAL USE OF MINOR NUDITY",1
"IMMORAL ACTS WITH A MINOR",1
"IMMORAL AND INDECENT ACTS WITH A MINOR",1
"IMPORTUNING/SEXUAL SOLICITATION OF A MINOR",1
"INAPPROPRIATE LANGUAGE/ATTEMPTED STATUTORY RAPE",1
"INCECENT LIBERTIES W/MINOR",1
"INCEST/RAPE",1
"IND LIBERTIES",1
"INDECENCY OF A CHILD BY EXPOSURE",1
"INDECENCY OF A MINOR",1
"INDECENCY W/ A CHILD EXPOSURE",1
"INDECENCY W/ A CHILD, FONDLING",1
"INDECENCY W/CHILD",1
"INDECENCY W/CHILD SEXUAL CONTACT",1
"INDECENCY WITH A CHILD - FONDLING",1
"INDECENCY WITH A CHILD BY EXPOSURE",1
"INDECENCY WITH A CHILD BY SEXUAL CONTACT",1
"INDECENCY WITH A CHILD EXPOSED",1
"INDECENCY WITH A CHILD EXPOSES",1
"INDECENCY WITH A CHILD UNDER 17 YEARS",1
"INDECENCY WITH A CHILD/SEXUAL CONTACT",1
"INDECENCY WITH A MINOR",1
"INDECENCY WITH CHILD-EXPOSURE",1
"INDECENCY WITH CHILD BY SEXUAL CONTACT",1
"INDECENCY WITH CHILD SEXUAL CONTACT",1
"INDECENCY WITH/CHILD SEXUAL CONTACT",1
"INDECENT ACT",1
"INDECENT ACT W/CHILD",1
"INDECENT ACT WITH CHILD UNDER 12",1
"INDECENT ACTS AGAINST A MINOR",1
"INDECENT ACTS OR LIBERTIES WITH A MINOR",1
"INDECENT ACTS UPON A CHILD",1
"INDECENT ACTS UPON FEMALE UNDER 16",1
"INDECENT ACTS WITH MINOR",1
"INDECENT ACTS/LIBERTIES WITH A CHILD UNDER 16",1
"INDECENT ACTS/LIBERTIES WITH A MINOR",1
"INDECENT ASSAULT AND BATTERY ON A CHILD UNDER 14",1
"INDECENT ASSAULT AND BATTERY W/ A CHILD UNDER 14",1
"INDECENT ASSAULT OF A CHILD",1
"INDECENT ASSAULT OF A FEMALE",1
"INDECENT ASSAULT TO CHILD UNDER 16",1
"INDECENT ASSAULT W/ A MINOR",1
"INDECENT BEHAVIOR W/JUVENILES",1
"INDECENT BEHAVIOR WITH JUVENILES",1
"INDECENT BEHAVIOR WITH MINOR",1
"INDECENT CONTACT MINOR",1
"INDECENT CONTACT W/CHILD",1
"INDECENT CONTACT WITH A CHILD-ATTEMPTED TO HAVE INTERCOURSE",1
"INDECENT EXPOSURE INVOLVING TWO MINORS",1
"INDECENT EXPOSURE WITH A MINOR",1
"INDECENT EXPOSURE WITH CHILD/INDECENT ACT WITH CHILD",1
"INDECENT LANGUAGE TO A CHILD UNDER 16",1
"INDECENT LANGUAGE TO A MINOR",1
"INDECENT LIBERTIES W/ A CHILD",1
"INDECENT LIBERTIES W/ CHILDREN",1
"INDECENT LIBERTIES W/CHILD>14<16 - LEWD FONDLING OR TOUCHING",1
"INDECENT LIBERTIES WITH CHILD AGES 14-16",1
"INDECENT LIBERTIES WITH CHILD BY CUSTODIAN",1
"INDECENT LIBERTY'S WITH A MINOR",1
"INDECENT LIBERTY WITH CHILD",1
"INDECENT LIBERTY WITH MINOR",1
"INDECENT SEXUAL ASSAULT",1
"INDECENT SOLICITATIN OF A MINOR",1
"INDECENT SOLICITATION OF A MINOR",1
"INDECENT SOLICITATION OF MINOR",1
"INDECENT SOLICITATIONOF A CHILD",1
"INDECENT/LEWD ACTS WITH CHILD",1
"INDECENTLIBERTIES WITH A CHILD",1
"INDENCENT EXPOSURE",1
"INDENCENT LIBERTIES WITH A CHILD",1
"INDENCY WITH A CHILDSEXUAL CONTACT",1
"INDUCE UNDERAGE FOR OBSCENE MATTER",1
"INJURY TO A CHILD THIRD DEGREE/OF A SEXUAL NATURE",1
"INJURY TO A CHILD WITH INTENTION TO DO BODILY INJURY",1
"INJURY TO A MINOR CHILD SEXUALLY",1
"INTENT TO COMMIT SEXUAL ABUSE",1
"INTERCOURSE WITH A MINOR",1
"INTERNET IMPORTUNING",1
"INTERNET INTICEMENT OF A MINOR",1
"INTERSTATE TRANSPORT OF A MINOR FOR PROSTUTION",1
"INTERSTATE TRANSPORTATION OF A MINOR FOR CRIMINAL SEXUAL ACTIVITY",1
"INTERSTATE TRANSPORTATION OF MINORS FOR THE PURPOSE OF PROSTITUTION",1
"INTERSTATE TRAVEL FOR CRIMINAL SEXUAL ACTIVITY WITH A MINOR",1
"INTERSTATE TRAVEL TO ENGAGE IN SEX W/CHILD UNDER 12 YRS",1
"INTERSTATE TRAVEL TO ENGAGE IN SEX WITH A MINOR",1
"INTICEMENT OF MINOR VIA INTERNET",1
"INVOLUNTARY DEVIANT SEXUAL INTERCOURSE",1
"INVOLUNTARY SEXUAL BATTERY",1
"KIDNAPPING 2",1
"KIDNAPPING 2ND DEGREE",1
"KIDNAPPING ACROSS STATE LINES OF A SEXUAL NATURE",1
"KIDNAPPING WITH INTENT TO HAVE SEX WITH A MINOR",1
"KIDNAPPING/TRANSPORT PERSON IN INTERSTATE COMMERCE",1
"KNOWINGLY ATTEMPTING TO TRANSFER OBSCENE MATERIAL TO A MINOR",1
"KNOWINGLY RECIEVED IMAGES OF CHILD PORNOGRAPHY",1
"KNOWLINGLY RECEIVED CHILD PORNOGRAPHY VIA INTERNET",1
"LACIVIOUS SEXUAL ACTS",1
"LASIDOUS ACTS",1
"LEWD & INDECENT ACTS WITH A CHILD",1
"LEWD & LACIVIOUS",1
"LEWD & LACIVIOUS ACTS WITH A CHILD",1
"LEWD & LASCIVIOUS ACT AGAINST CHILD",1
"LEWD & LASCIVIOUS ACT CRIME AGAINST A CHILD",1
"LEWD & LASCIVIOUS ACT ON CHILD",1
"LEWD & LASCIVIOUS ACT WITH CHILD",1
"LEWD & LASCIVIOUS ACTS WITH CHILD",1
"LEWD & LASCIVIOUS BEHAVIOR WITH CHILD UNDER 16",1
"LEWD & LASCIVIOUS WITH CHILD",1
"LEWD ACT AGAINST CHILD",1
"LEWD ACT IN PRESENCE OF A MINOR",1
"LEWD ACT ON CHILD",1
"LEWD ACT UPON CHILD",1
"LEWD ACT WITH A CHILD",1
"LEWD ACT WITH CHILD",1
"LEWD ACTS W/CHILD ATT SEXUAL BATTERY W/CHILD",1
"LEWD ACTS WITH A MINOR",1
"LEWD ACTS WITH A MINOR/ SEXUAL CONTACT",1
"LEWD ACTS WITH CHILD",1
"LEWD AND LACIVACIOUS ACTS",1
"LEWD AND LACIVIOUS CONDUCT WITH MINOR",1
"LEWD AND LASCICIOUS BEHAVIOR",1
"LEWD AND LASCIVIOUS",1
"LEWD AND LASCIVIOUS ACT",1
"LEWD AND LASCIVIOUS ACT WITH CHILD UNDER 14",1
"LEWD AND LASCIVIOUS ACTS ON A CHILD UNDER 16",1
"LEWD AND LASCIVIOUS ACTS ON A MINOR",1
"LEWD AND LASCIVIOUS ACTS ON CHILD UNDER 14 YR OLD",1
"LEWD AND LASCIVIOUS ACTS ONA CHILD UNDER 16",1
"LEWD AND LASCIVIOUS ACTS W/CHILD",1
"LEWD AND LASCIVIOUS ACTS W/CHILD UNDER 14",1
"LEWD AND LASCIVIOUS ACTS WITH A CHILD UNDER 14 YEARS",1
"LEWD AND LASCIVIOUS ACTS WITH A CHILD UNDER AGE 14",1
"LEWD AND LASCIVIOUS ACTS WITH A MINOR",1
"LEWD AND LASCIVIOUS ASSAULT ON A CHILD UNDER 16",1
"LEWD AND LASCIVIOUS BATTERY",1
"LEWD AND LASCIVIOUS BEHAIOR",1
"LEWD AND LASCIVIOUS BEHAVIOR; EXPOSURE > 16",1
"LEWD AND LASCIVIOUS CONDUCT WITH CHILD",1
"LEWD AND LASCIVIOUS CONDUCT WITH MINOR UNDER 16",1
"LEWD AND LASCIVIOUS INDECENT ACT",1
"LEWD AND LASCIVIOUS INDECENT ASSAULT W/CHILD",1
"LEWD AND LASCIVIOUS WITH CHILD UNDER 16 (ATTEMPT)",1
"LEWD AND LASCIVOUIS ACTS",1
"LEWD AND LASCIVOUS ACTS",1
"LEWD ASSAULT",1
"LEWD ASSAULT/SEXUAL BATTERY W/VICTIM UNDER 16",1
"LEWD BEHAVIOR W/ CHILD",1
"LEWD CONDUCT",1
"LEWD CONDUCT WITH A MINOR",1
"LEWD CONDUCT WITH MINOR SEXUAL INTERCOURSE",1
"LEWD LACIVIOUS CONDUCT",1
"LEWD LASCIVIOUS CONDUCT W/CHILD",1
"LEWD LASCIVIOUS INDECENT ASSAULT CHILD LESS THAN 16",1
"LEWD LASCV BEHAVIOR",1
"LEWD MOLESTATION OF A CHILD",1
"LEWD MOLESTATION OR INDECENT PROPOSALS/ACTS TO A CHILD",1
"LEWD OR INDECENT PROPOSALS / ACTS TO A CHILD",1
"LEWD OR INDECENT PROPOSALS / ACTS TO CHILD",1
"LEWD OR LACIVIOUS ACTS WITH A CHILD",1
"LEWD OR LASC ACT WITH A CHILD",1
"LEWD OR LASCIV ACTS W/CHILD UNDER 14",1
"LEWD OR LASCIV ACTS WITH A CHILD UNDER 14",1
"LEWD OR LASCIV ACTS WITH CHILD UNDER 14",1
"LEWD OR LASCIVIOUS ACT W/CHILD UNDER 14",1
"LEWD OR LASCIVIOUS ACT WITH CHILD UNDER 14",1
"LEWD OR LASCIVIOUS ACT WITH MINOR",1
"LEWD OR LASCIVIOUS ACTS",1
"LEWD OR LASCIVIOUS ACTS ON A CHILD UNDER 14 YRS OLD",1
"LEWD OR LASCIVIOUS ACTS W CHILD UNDER 14",1
"LEWD OR LASCIVIOUS ACTS W/CHILD UNDER 14",1
"LEWD OR LASCIVIOUS ACTS WITH A CHILD 14 OR 15",1
"LEWD OR LASCIVIOUS ACTS WITH CHILD",1
"LEWD OR LASCIVIOUS BEHAVIOR WITH A CHILD",1
"LEWD OR LASCIVIOUS MOLESTATION",1
"LEWD OR LASCIVIOUS MOLESTATION OF A CHILD",1
"LEWD OR LASCIVIOUS MOLESTATION OF A CHILD UNDER 18",1
"LEWD OR LASCIVIOUS MOLESTATION OF CHILD",1
"LEWD OR LASCIVIOUS MOLESTATION VICTIM UNDER 12 YEARS OF AGE",1
"LEWD SEXUAL BATTERY",1
"LEWD, LASCIVIOUS CHILD UNDER 16",1
"LEWD/INDECENT ACTS TO CHILD",1
"LEWD/LASCIVIOUS ACTS",1
"LEWD/LASCIVIOUS ACTS BY COMPUTER TRANSMISSION",1
"LEWD/LASCIVIOUS ACTS WITHA CHILD UNDER 16",1
"LEWD/LASCIVIOUS BEHAVIOR",1
"LEWDNESS INVOLVING A CHILD",1
"LEWDNESS WITH A CHILD UNDER FOURTEEN",1
"LEWDNESS WITH CHILD",1
"LEWDNESS WITH MINOR",1
"LEWDNESS WITH MINOR UNDER 14",1
"LURING AND ENTICING A MINOR",1
"LWED OR LASCIVIOUS ACTS WITH A CHILD",1
"MAILING OBSCENE MATTER",1
"MISCONDUCT WITH A MINOR",1
"MISD CHILD ANNOYANCE AND FONDLING",1
"MOLESTATION AND FAILURE TO REGISTER",1
"MOLESTATION BY TOUCHING NUDE BODIES",1
"MOLESTATION OF A CHILD UNDER 18",1
"OBSCENE AND OTHER SEXUAL MATERIAL AND PERFORMANCES",1
"OBSCENE MATERAL CHILD PORNOGRAPHY",1
"OBSCENE MATERIAL",1
"OBSCENE MATERIAL-POSSES",1
"OFNDR LOITER W/I 500FT OF SCHOOL",1
"ONE COUNT OF RECEIPT OF CHILD PORNOGRAPHY",1
"ONLINE SOLICIT OF MINOR",1
"OPEN AND GROSS LEWDNESS",1
"ORAL COPULATION BY FORCE",1
"ORAL COPULATION BY FORCE U/14",1
"ORAL COPULATION U/14 OR BY FORCE",1
"ORAL COPULATION W/ PERSON UNDER 16",1
"ORAL COPULATION W/PERSON UNDER 18",1
"ORAL COPULATION WITH A PERSON U/18",1
"ORAL COPULATION WITH A PERSON UNDER 16",1
"ORAL COPULATION WITH A PERSON UNDER 18",1
"ORAL COPULATION WITH PERSON UNDER 14",1
"ORAL COPULATION WITH PERSON UNDER 16",1
"ORAL COPULATION WITH VICTIM UNDER AGE 18",1
"ORALL COPULATION WITH PERSON UNDER 18",1
"PATRONIZING PROSTITUTION",1
"PC-ORAL COP:-14/ETC OR BY FORCE/ETC",1
"PERFORMING LEWD ACT IN PRESENCE OF A MINOR",1
"PHOTOGRAPHING CHILD IN OBSCENE ACT",1
"PORNOGRAPHY INVOLVING A MINOR",1
"POSS CHILD PORNOGRAPHY",1
"POSS CHILD POROGRAPHY",1
"POSSES CHILD PORNOGRAPHY",1
"POSSESS CHILD PORNOGRAPHY",1
"POSSESS COMPUTER WITH CHILD PORNOGRAPHY",1
"POSSESS DEPICTION OF MINOR ENGAGED IN SEXUALLY EXPLICIT CONDITION",1
"POSSESSESSION OF CHILD PORNOGRAPHY",1
"POSSESSING CHILD PORNOGRAPHY THAT HAD BEEN TRANSPORTED IN INTERSTATE COMMERCE BY COMPUTER",1
"POSSESSION CHILD PORN THRU INTERSTATE COMM",1
"POSSESSION OBSCENE MATERIAL",1
"POSSESSION OF CHILD PORNOGRAPHY DISTRIBUTION OF CHILD PORNOGRAPHY ATTEMPT TO COMMUNICATE INDECENT L",1
"POSSESSION OF CHILD PORNOGRAPHY VIA A COMPUTER",1
"POSSESSION OF COMPUTER CHILD PORNOGRAPHY",1
"POSSESSION OF INTERNET CHILD PORNOGRAPHY",1
"POSSESSION OF OBSCENE MATERIAL-CHILD PORNOGRAPHY",1
"POSSESSION OF SEXUALLY EXPLICIT MATERIAL",1
"POSSESSION OR CONTROL OF CHILD PORN",1
"POSSESSION RECEIPT AND DISTRIBUTION OF CHILD PORNOGRAPHY",1
"POSSESSION/DISTRIBUTION OF CHILD PORNOGRAPHY",1
"POSSESSION/RECEIVING CHILD PORNOGRAPHY OVER THE INTERNET",1
"POSSESSIONO OF CHILD PORNOGRAPHY",1
"POSSESSSION OF CHILD PORN",1
"PREDATORY CRIM SEX ASSLT/CHILD",1
"PREDATORY CRIM SEX ASSLT/HARM",1
"PREDATORY CRIMINAL SEXUAL ASSAULT CHILD",1
"PREDATORY CRIMINAL SEXUAL ASSAULT OF A CHILD",1
"PREDATORY SEXUAL ASSAULT",1
"PREDORTORY CRIMINAL SEX ASSAULT WITH A CHILD",1
"PROCURE/ETC CHILD UNDER 14 FOR LEWD ACT",1
"PRODUCTION OF SEXUALLY EXPLICT CHILD MATERIAL",1
"PROMOT CHILD PORN TO MINOR-2ND DEG",1
"PROMOT PORN 2ND DEGREE",1
"PROMOT PROST - 2ND DEG",1
"PROMOTE CHILD PORNOGRAPHY",1
"PROMOTING PROSTITUTION",1
"PROMOTION OF PROSTITUTION",1
"PROSTITUTION",1
"PUB DIS EXPLT SEX MATL",1
"PUBLIC INDECENCY",1
"PUBLIC SEXUAL INDECENCY CONTACT",1
"PUBLIC SEXUAL INDESONCY",1
"RAPE - 7 COUNTS",1
"RAPE - INCEST",1
"RAPE - SEXUAL INTERCOURSE W/OUT CONSENT",1
"RAPE 1ST",1
"RAPE 1ST-FORCIBLE COMPULSION",1
"RAPE 2ND",1
"RAPE 2ND DEG",1
"RAPE 3RD",1
"RAPE BY FORCE OR FEAR",1
"RAPE BY FORCE/FEAR",1
"RAPE BY ORAL INTERCOURSE",1
"RAPE BY THREAT ATTEMPTED",1
"RAPE FIRST DEGREE",1
"RAPE FORCED VICTIM TO HAVE SEXUAL INTERCOURSE",1
"RAPE IN CONCERT WITH FORCE OR VIOLENCE",1
"RAPE OF A CHILD 1ST DEGREE",1
"RAPE OF A CHILD 3 - ALCOHOL INDUCED",1
"RAPE OF A CHILD 3RD",1
"RAPE OF A CHILD IN THE 3RD DEGREE",1
"RAPE OF A CHILD LESS THAN 14",1
"RAPE OF A CHILD W FORCE",1
"RAPE OF A CHILD WITH FORCE",1
"RAPE OF A SPOUSE",1
"RAPE OF MINOR",1
"RAPE OF SPOUSE",1
"RAPE WITH FORCE",1
"RAPE WITH WEAPON",1
"RAPE/INVOLUNTARY SEXUAL ASSAULT",1
"RAPE/MOLESTATION",1
"RECEIPT IN INTERSTATE COMMERCE VIA COMPUTER OF MATERIALINVOLVING THE SEXUAL EXPLOITATION OF MINORS",1
"RECEIPT OF OBSCENITY",1
"RECEIVED AND DISTRIBUTED BY COMPUTER A VISUAL DEPICTION OF MINORS",1
"RECEIVEING CHILD PORNONOGRAPHY THROUGH THE MAIL",1
"RECEIVING AND POSSESSION CHILD PORNOGRAPHY",1
"RECEIVING CHILD PORNOGRAPHY VIA THE INTERNET",1
"RECEIVING/POSSESSION INTERNET CHILD PORNOGRAPHY",1
"RECIEPT OF CHILD PORNOGRAPHY OVER THE INTERNET",1
"SECOND DEGREE SEXUAL ASSAULT OF A CHILD",1
"SECOND DEGREE SEXUAL ASSAULT ON A CHILD",1
"SEX ABUSE 1ST",1
"SEX ABUSE 1ST DEGREE",1
"SEX ABUSE 3RD",1
"SEX ABUSE OF A CHILD-FONDLING",1
"SEX ABUSE OF CHILD",1
"SEX ASSAULT",1
"SEX ASSAULT 2ND DEGREE",1
"SEX ASSAULT 3RD DEGREE",1
"SEX ASSAULT CHILD",1
"SEX ASSAULT OF A CHILD",1
"SEX ASSAULT ON A CHILD",1
"SEX ASSAULT ON A CHILD 2ND DEGREE",1
"SEX ASSAULT W/CHILD",1
"SEX ASSAULT WITH A CHILD 2ND DEGREE",1
"SEX ASSAULT/CHILD",1
"SEX ASSAULT/CHILD-POSITION OF TRUST",1
"SEX ASSLT-RAPE 2ND",1
"SEX ASSLT SEX ASSAULT/CHILD-ATT",1
"SEX AUBSE 1ST VIC UND 12",1
"SEX EXPLOITATION OF A CHILD",1
"SEX EXPLOITATION OF A MINOR",1
"SEX EXPLOITATION OF CHILD-ATTEMPTED",1
"SEX OFFENSE-AGAINST CHILD FONDLING",1
"SEX OFFENSE - CHILD FONDLING",1
"SEX OFFENSE 4TH DEGREE",1
"SEX OFFENSE AGAINST A CHILD-FONDLING",1
"SEX OFFENSE AGAINST CHILD-FONDLING",1
"SEX WITH MINOR UNDER 16 YRS OLD",1
"SEXAUL BATTERY",1
"SEXOND DEGREE SEXUAL ASSAULT",1
"SEXUAL ABUSE- 3 COUNTS",1
"SEXUAL ABUSE 1995",1
"SEXUAL ABUSE 1ST DEG",1
"SEXUAL ABUSE 3RD DEG",1
"SEXUAL ABUSE IN THE 2ND DEGREE",1
"SEXUAL ABUSE IN THE 3RD",1
"SEXUAL ABUSE IN THE SECOND",1
"SEXUAL ABUSE MISD",1
"SEXUAL ABUSE OF A CHILD-2ND DEGREE FELONY",1
"SEXUAL ABUSE OF A CHILD 2ND DEGREE",1
"SEXUAL ABUSE OF A CHILD UNDER 16",1
"SEXUAL ABUSE OF A MINOR 2ND DEGREE",1
"SEXUAL ABUSE OF A MINOR SECOND DEGREE",1
"SEXUAL ABUSE OF CHILDREN",1
"SEXUAL ABUSE OF MINOR 2ND DEGREE",1
"SEXUAL ABUSE ON A CHILD",1
"SEXUAL ABUSE ON MINOR",1
"SEXUAL ABUSE THIRD",1
"SEXUAL ABUSE THIRD DEGREE",1
"SEXUAL ACT WITH A CHILD UNDER 12",1
"SEXUAL ACTIVITY WITH A MINOR",1
"SEXUAL ASSAULT 1ST DEGREE WITH A CHILD",1
"SEXUAL ASSAULT 3RD DEG",1
"SEXUAL ASSAULT 3RD DEGREE-CONTACT WITHOUT CONSENT",1
"SEXUAL ASSAULT 3RD DEGREE MISDEMEANOR",1
"SEXUAL ASSAULT 4TH DEG",1
"SEXUAL ASSAULT AND INDECENT LIBERTIES WITH CHILD",1
"SEXUAL ASSAULT CHILD FIRST DEGREE",1
"SEXUAL ASSAULT IN THE 4TH DEGREE",1
"SEXUAL ASSAULT OF A CHILD 3RD DEGREE",1
"SEXUAL ASSAULT OF A CHILD UNDER 18",1
"SEXUAL ASSAULT OF A CHILD/PROSTITUTION",1
"SEXUAL ASSAULT OF CHILD",1
"SEXUAL ASSAULT OF CHILD 2ND DEGREE",1
"SEXUAL ASSAULT OF CHILD 2ND DEGREE FELONY",1
"SEXUAL ASSAULT OF MINOR",1
"SEXUAL ASSAULT THIRD DEGREE",1
"SEXUAL ASSAULT W/ CHILD",1
"SEXUAL ASSAULT WITH CHILD",1
"SEXUAL ASSAULT WITH INTENT TO COMMIT SEXUAL ABUSE",1
"SEXUAL ASSAULT/BATTERY",1
"SEXUAL ASSAULT/RAPE",1
"SEXUAL ASSAULT/VICTIM UNDER 15",1
"SEXUAL ASSLT 2ND DEGREE",1
"SEXUAL ASSLT, SEXUAL BATTERY",1
"SEXUAL BATTERY-WEAPON",1
"SEXUAL BATTERY AND CRIMINAL RESTRAINT",1
"SEXUAL BATTERY BY AN AUTHORITY FIGURE",1
"SEXUAL BATTERY OF A MINOR",1
"SEXUAL BATTERY OF A RESTRAINED PERSON",1
"SEXUAL BATTERY ON MINOR",1
"SEXUAL BATTERY/ASSAULT",1
"SEXUAL CARNAL ABUSE",1
"SEXUAL CONDUCT WITH A CHILD UNDER 18",1
"SEXUAL CONDUCT WITH MINORS",1
"SEXUAL CONDUCT WITH PERSON UNDER 14",1
"SEXUAL CONTACT-NO CONSENT",1
"SEXUAL CONTACT - NO CONSENT",1
"SEXUAL CONTACT W/MINOR",1
"SEXUAL CONTACT WITH A MINOR",1
"SEXUAL CONTACT WITHOUT CONSENT",1
"SEXUAL CONTACT/NO CONSENT",1
"SEXUAL EXPLOATION OF A MINOR",1
"SEXUAL EXPLOITATION",1
"SEXUAL EXPLOITATION OF A MINOR CHILD",1
"SEXUAL EXPLOITATION OF CHILDREN",1
"SEXUAL EXPLOTATION",1
"SEXUAL EXPOITATION OF CHILD",1
"SEXUAL FELONY ABUSE OF A CHILD",1
"SEXUAL INDECENCY WITH A CHILD",1
"SEXUAL INDECENCY WITH A MINOR",1
"SEXUAL INTERCOURSE W/OUT CONSENT",1
"SEXUAL INTERCOURSE WITH A CHILD",1
"SEXUAL INTERCOURSE WITH MINOR",1
"SEXUAL INTERCOURSE WITH VICTIM",1
"SEXUAL MISCONDUCE",1
"SEXUAL MISCONDUCT 1ST",1
"SEXUAL MISCONDUCT 3RD DEGREE",1
"SEXUAL MISCONDUCT 4TH DEGREE",1
"SEXUAL MISCONDUCT WITH AN OFFENDER",1
"SEXUAL OFFENSE-CHILD FONDLING",1
"SEXUAL OFFENSE 3RD DEGREE",1
"SEXUAL OFFENSE AGAINST A CHILD/FONDLING",1
"SEXUAL OFFENSE AGAINST CHILD",1
"SEXUAL PENETRATION FOREIGN OBJECT",1
"SEXUAL PERFORMANCE BY A CHILD BY EMPLOYING, AUTHORIZING OR INDUCING A CHILD",1
"SEXUAL SOLICIATATION/INDECENCY WITH A CHILD",1
"SEXUAL SOLICITATION OF A CHILD",1
"SODOMY- CHILD 12 TO 16 YEARS OF AGE",1
"SODOMY 3RD DEGREE - DOMESTIC ABUSE",1
"SODOMY CHILD",1
"SODOMY OF A MINOR",1
"SODOMY OF MINOR",1
"SODOMY VICT UNDER 14",1
"SODOMY WITH A PERSON UNDER 18",1
"SODOMY WITH CHILD",1
"SODOMY WITH CHILD UNDER 16 YEARS OLD",1
"SOLICIT CHILD BY COMPUTER FOR UNLAWFUL SEX ACT",1
"SOLICIT MINOR FOR INDECENT EXPOSE/PHOTOS",1
"SOLICIT SEXUAL ASSAULT ON A CHILD",1
"SOLICITATION FOR PROSTITUTION",1
"SOLICITATION OF A CHILD FOR SEX",1
"SOLICITATION OF MINOR",1
"SOLICITATION OF SODOMY",1
"SOLICITATION TO COMMIT SEXUAL ABUSE OF A MINOR IN THE 2ND DEGREE",1
"SOLICITING A CHILD",1
"SOLICITING A CHILD VIA COMPUTER",1
"SOLICITING OF A MINOR",1
"SOLICITING SEXUAL CONDUCT WITH A MINOR",1
"STATUTORY RAPE 1ST DEGREE",1
"STATUTORY RAPE 3RD DEGREE",1
"STATUTORY RAPE WITH PRIOR CONVICTION",1
"STATUTORY SEXUAL SEDUCTION",1
"STATUTORY SODOMY",1
"THIRD DEGREE SEXUAL ASSAULT",1
"TOUCHING CHILD FOR LUSTFUL PURPOSES BY PERSON OVER 18 CHILD UNDER AGE 16 GRATIFICATI",1
"TOUCHING CHILD LUSTFUL PURPOSES",1
"TOUCHING/HANDLING ETC CHILD/MENTALLY/DEFECTIVE OR INCAPACITATED PERSON OR PHYSICALLY HELPLESS P",1
"TRAFFIC CHILD PORN",1
"TRAFFICKING OF A PERSON",1
"TRAFFICKING SEX OFFENSE",1
"TRANSFER HARMFUL MATERIAL TO MINORS",1
"TRANSFER OBSCENE MATERIAL TO MINOR",1
"TRANSFERRING OBSCENE MATERIAL TO A MINOR",1
"TRANSPORT MINOR FOR PROSTITUTION",1
"TRANSPORTATION OF A MINOR WITH INTENT TO ENGAGE IN CRIMINAL SEXUAL ACTIVITY",1
"TRANSPORTATION OF CHILD PORN",1
"TRANSPORTATION OF MINOR FOR PURPOSES OF PROSTITUTION",1
"TRANSPORTATION OF OBSCENE MATTER FOR SALE",1
"TRANSPORTING CHILD PORNOGRAPHY",1
"TRANSPORTING CHILD PORNOGRAPHY / INTERNET",1
"TRANSPORTING CHILD PORNOGRAPHY OVER THE INTERNET",1
"TRANSPORTING FOR PROSTITUTION",1
"TRANSPORTING FOR PURPOSE OF SEXUAL GRATIFICATION",1
"TRAVEL IN INTERSTATE COMMERCE TO ENGAGE IN SEX WITH A MINOR",1
"TRAVEL OUT OF STATE TO ENGAGE IN AN ILLEGAL SEX ACT WITH A MINOR",1
"TRAVEL WITH INTENT TO ENGAGE IN A SEXUAL ACT WITH A MINOR",1
"TRAVEL WITH INTENT TO ENGAGE IN ILLICIT SEXUAL CONDUCT WITH A MINOR",1
"TRAVELING IN INTERSTATE COMMERCE TO ENGAGE IN SEX WITH MINOR",1
"TRAVELING OR USING THE FACILITIES IN INTERSTATE COMMERCE OR PROMOTE MANAGE ESTABLISH OR CARRY-ON A P",1
"TRAVELING TO MEET MINOR TO COMMIT UNLAWFUL SEXUAL OFFENSE",1
"TRAVELING W/INTENT TO ENGAGE IN SEXUAL ACT WITH A JUVENILE",1
"TRAVELING WITH INTENT TO ENGAGE IN ILLICIT SEXUAL CONDUCT WITH MINOR",1
"UNLAWFUL CONTACT OR COMMUNICATION WITH A MINOR",1
"UNLAWFUL CONTACT WITH MINOR",1
"UNLAWFUL DEALING IN MATERIAL DEPICTING CHILD ENGAGED INPROHIBITED SEXUAL ACTIVITY",1
"UNLAWFUL INTERCOURSE WITH A MINOR",1
"UNLAWFUL POSSESSION OF CHILD PORNOGRAPHY",1
"UNLAWFUL SEX W/ AN ANIMAL",1
"UNLAWFUL SEX WITH A MINOR",1
"UNLAWFUL SEXUAL ACTIVITY WITH MINORS",1
"UNLAWFUL SEXUAL CONTACT 2ND DEGREE",1
"UNLAWFUL SEXUAL CONTACT WITH A MINOR",1
"UNLAWFUL SEXUAL INTERCOURSE W/MINOR",1
"UNLAWFUL SEXUAL INTERCOURSE W/PERSON UNDER 18",1
"UNLAWFUL SEXUAL INTERCOURSE WITH A MINOR",1
"UNLAWFUL SEXUAL RELATIONS",1
"UNLAWFUL USE MINOR AS SUBJECT OF SEXUAL PORTRAYAL",1
"UNLAWFUL VOLUNTARY SEXUAL RELATIONS",1
"UNNATURAL - PERVERTED SEXUAL ACT",1
"USE COMPUTER SERVICE TO SEDUCE/SOLICIT A CHILD",1
"USE INTERNET TO SOLICIT/ATTEMPT SOLICIT A CHILD FOR SEX/LEWDNESS",1
"USE INTERNET TO SOLICIT/ATTEMPT SOLICIT ETC A CHILD FOR SEX/LEWDNESS ETC",1
"USE OF A SPECILITY OF INTERSTATE COMMERCE TO ATTEMPT TO ENTICE A MINOR TO ENGAGE IN AN UNLAWFUL SEX",1
"USE OF AN INTERSTATE FACILITY TO ENTICE A MINOR TO ENGAGE IN SEXUAL ACTIVITY",1
"USE OF INTERNET TO SOLICIT SEX FROM MINOR",1
"USE OF INTERNET TO SOLICITATE/ATTEMPT SOLICITATION OF A CHILD FOR SEX/LEWDNESS",1
"USE OF INTERSTATE FACILITIES TO PROMOTE PROSTITUTION",1
"USE OF INTERSTATE FACILITIES TO TRANSMIT INFORMATION ABOUT A MINOR",1
"USE OF INTERSTATE FACILITY TO ATTEMPT TO ENTIRE A MINOR TO ENGAGE IN SEXUAL ACTIVITY",1
"USE OF INTERSTATE FACILITY TO ENTICE A MINOR",1
"USE OF INTERSTATE FACILITY TO ENTICE A MINOR TO ENGAGE IN SEX WITH ACTIVITY",1
"USE OF INTERSTATE TELEPHONE LINES TO CORECE A MINOR TO ENGAGE IN CRIMINAL SEXUAL ACTIVITY",1
"USE OF TELEPHONES & COMPUTERIZED ACCESS TO THE INTERNETTO ENTICE AND ATTEMPT TO ENTICE TWO MINORS TO",1
"USE TELECOMMUNICATION DEVICE TO ENTICE A MINOR INTO SEXUAL ACTIVITES",1
"USE/ETC UNDER AGE PERSON OBSCENE MATERIAL",1
"VICARIOUS SEXUAL GRATIFICATION",1
"VIOLATION OF MINOR 1ST DEGREE",1
"WRONGFUL POSSESSION OF CHILD PORNOGRAPHY",1
"WRONGFUL SEXUAL CONTACT",1
